System,Teff,M_A,R_A,Period,aAU,M_b,R_b,Teq
55_Cnc_e,5172,0.873,0.954,0.737,0.01544,7.7225399999999995,1.89654588,2349.0
pi_Men_c,5998,1.091,1.19,6.268,0.06876,3.62292,2.1453834599999997,1170.0
AU_Mic_b,3700,0.5,0.75,8.463,0.0831,38.136,5.12358819,570.0
AU_Mic_c,3700,0.5,0.75,18.859,0.1417,31.78,3.1384920000000003,436.0
CoRoT-01,5950,0.95,1.131,1.509,0.02536,327.334,17.385003899999997,1915.0
CoRoT-02,5598,0.997,0.901,1.743,0.02835,1134.546,16.364994,1521.0
CoRoT-03,6558,1.44,1.66,4.257,0.05783,7086.9400000000005,12.105612,1695.0
CoRoT-04,6190,1.194,1.148,9.202,0.0912,232.3118,13.002324,1058.0
CoRoT-05,6100,0.99,1.115,4.038,0.0495,145.8702,14.0783784,1397.0
CoRoT-06,6090,1.054,1.043,8.887,0.0855,940.688,13.2825465,1025.0
CoRoT-07,5313,0.884,0.8389,0.854,0.01702,6.06998,1.5804548999999999,1756.0
CoRoT-08,5080,0.89,0.802,6.212,0.0636,69.2804,6.9383091,870.0
CoRoT-09,5613,0.96,0.96,95.273,0.4021,266.952,11.9486874,420.0
CoRoT-10,5075,0.904,0.743,13.241,0.106,883.4839999999999,10.547574899999999,647.0
CoRoT-11,6343,1.26,1.374,2.994,0.044,743.6519999999999,15.9838914,1735.0
CoRoT-12,5675,1.0,1.049,2.828,0.0392,277.43940000000003,15.0647616,1417.0
CoRoT-13,5945,1.086,1.274,4.035,0.051,416.95360000000005,14.0335428,1432.0
CoRoT-14,6035,1.125,1.19,1.512,0.02687,2437.526,11.4106602,1936.0
CoRoT-15,6340,1.29,1.4,3.06,0.0458,20339.2,11.713300499999999,1670.0
CoRoT-17,5740,1.043,1.62,3.768,0.0481,781.788,11.287362299999998,1610.0
CoRoT-18,5440,0.88,0.883,1.9,0.0288,1048.74,12.845399399999998,1487.0
CoRoT-19,6090,1.181,1.576,3.897,0.0512,346.40200000000004,13.338591,1630.0
CoRoT-20,5880,1.1,1.16,9.243,0.0891,1315.692,11.2089,1024.0
CoRoT-23,5900,1.122,1.74,3.631,0.04809,972.4680000000001,13.226502,1710.0
CoRoT-24c,4950,0.91,0.86,11.759,0.098,27.9664,4.931916,850.0
CoRoT-25,6040,1.09,1.19,4.861,0.0578,117.586,12.105612,1330.0
CoRoT-26,5590,1.09,1.79,4.205,0.0526,165.256,14.123213999999999,1600.0
CoRoT-27,5900,1.05,1.08,3.575,0.0476,3301.9420000000005,11.287362299999998,1500.0
CoRoT-32,5970,1.08,0.79,6.718,0.071,47.67,6.389073,938.0
CoRoT-34,7820,1.66,1.85,2.119,0.03874,22690.920000000002,12.217701,2425.0
CoRoT-35,6390,1.01,1.65,3.227,0.0429,349.58000000000004,18.830952,1747.0
G_9-40,3395,0.295,0.3026,5.746,0.0418,4.0042800000000005,1.8999085500000001,441.0
GJ_0357,3505,0.342,0.337,3.931,0.033,2.09748,1.16684649,531.0
GJ_0367,3522,0.455,0.458,0.322,0.00709,0.6356,0.69943536,1365.0
GJ_0436,3416,0.507,0.455,2.644,0.0308,25.392220000000002,4.1024574,669.0
GJ_0486,3291,0.333,0.339,1.467,0.01713,2.9873200000000004,1.34282622,706.0
GJ_0806,3600,0.413,0.4144,0.926,0.01406,1.9068,1.33049643,940.0
GJ_1132,3270,0.181,0.2105,1.629,0.0153,1.65256,1.12985712,529.0
GJ_1214,3250,0.178,0.215,1.58,0.01411,8.16746,2.74169694,596.0
GJ_1252,3458,0.381,0.391,0.518,0.00916,1.33476,1.18029717,997.0
GJ_3090,3556,0.519,0.516,2.853,0.0317,3.30512,2.1633177,692.0
GJ_3470,3725,0.476,0.474,3.337,0.03557,13.72896,3.8782794,604.0
GJ_3473,3347,0.36,0.364,1.198,0.01589,1.8750200000000001,1.2643639199999999,773.0
GJ_3929,3369,0.309,0.315,2.616,0.02569,1.20764,1.15003314,569.0
GJ_9827b,4305,0.606,0.602,1.209,0.0188,4.89412,1.5770922299999999,1114.0
GJ_9827c,4305,0.606,0.602,3.648,0.03925,0.82628,1.24082523,771.0
GJ_9827d,4305,0.606,0.602,6.201,0.05591,4.03606,2.02208556,646.0
GPX-1,7000,1.68,1.56,1.745,0.0338,6260.66,16.477083,2300.0
HAT-P-01,5975,1.151,1.174,4.465,0.05561,166.845,14.7845391,1322.0
HAT-P-02,6290,1.279,1.68,5.633,0.0674,2866.556,13.338591,1516.0
HAT-P-03,5190,0.925,0.85,2.9,0.03878,189.091,10.2113079,1170.0
HAT-P-04,6036,1.271,1.6,3.057,0.04465,216.104,14.986299299999999,1691.0
HAT-P-05,5960,1.163,1.137,2.788,0.04079,336.86800000000005,14.0335428,1517.0
HAT-P-06,6570,1.295,1.518,3.853,0.05244,337.8214,15.6364155,1704.0
HAT-P-07,6310,1.59,2.02,2.205,0.03805,594.2860000000001,17.1047814,2194.0
HAT-P-08,6200,1.192,1.475,3.076,0.0439,405.195,14.8069569,1713.0
HAT-P-09,6350,1.28,1.339,3.923,0.0529,247.2484,15.468281999999999,1540.0
HAT-P-11,4780,0.802,0.683,4.888,0.05259,27.743940000000002,4.3602621,838.0
HAT-P-12,4665,0.691,0.679,3.213,0.03767,63.87780000000001,10.300979100000001,955.0
HAT-P-13,5653,1.32,1.756,2.916,0.04383,287.9268,16.6676343,1725.0
HAT-P-14,6600,1.418,1.591,4.628,0.06108,721.7238,13.6636491,1624.0
HAT-P-15,5620,1.02,1.092,10.864,0.0964,618.4388,12.015940800000001,904.0
HAT-P-16,6140,1.216,1.158,2.776,0.0413,1332.5354,13.338591,1567.0
HAT-P-17,5350,0.886,0.86,10.339,0.0892,177.33240000000004,11.3770335,800.0
HAT-P-18,4870,0.77,0.717,5.508,0.0559,62.2888,10.6148283,841.0
HAT-P-19,4969,0.845,0.792,4.009,0.04649,90.2552,11.926269600000001,986.0
HAT-P-20,4595,0.748,0.68,2.876,0.03593,2294.516,11.489122499999999,964.0
HAT-P-21,5695,0.998,1.248,4.124,0.05037,1344.294,12.666056999999999,1367.0
HAT-P-22,5314,0.936,1.062,3.212,0.04171,696.6176,11.881434,1293.0
HAT-P-23,5885,1.104,1.089,1.213,0.02302,657.846,13.7196936,1951.0
HAT-P-24,6373,1.186,1.294,3.355,0.04641,216.42180000000002,13.932662700000002,1624.0
HAT-P-25,5500,1.012,0.919,3.653,0.0466,180.82819999999998,12.722101499999999,1182.0
HAT-P-26,5100,0.796,0.916,4.235,0.04748,18.33706,7.3082028,1080.0
HAT-P-27,5316,0.945,0.898,3.04,0.0403,209.74800000000002,11.6348382,1207.0
HAT-P-28,5680,1.025,1.103,3.257,0.0434,198.9428,13.585186799999999,1384.0
HAT-P-29,6140,1.206,1.272,5.723,0.06667,245.6594,12.3858345,1281.0
HAT-P-30,6338,1.242,1.215,2.811,0.0419,225.9558,15.8830113,1630.0
HAT-P-31,6065,1.218,1.36,5.005,0.055,689.9438,11.993523,1450.0
HAT-P-32,6269,1.182,1.225,2.15,0.03448,185.91299999999998,20.2544823,1801.0
HAT-P-33,6446,1.375,1.637,3.475,0.0499,242.1636,18.8982054,1782.0
HAT-P-34,6442,1.392,1.535,5.453,0.0677,1057.6384,13.417053300000001,1520.0
HAT-P-35,6178,1.236,1.435,3.647,0.0498,334.9612,14.9302548,1581.0
HAT-P-36,5620,1.03,1.041,1.327,0.02388,588.5656,14.6164056,1788.0
HAT-P-37,5500,0.929,0.877,2.797,0.0379,371.50820000000004,13.204084199999999,1271.0
HAT-P-38,5330,0.886,0.923,4.64,0.0523,84.85260000000001,9.2473425,1082.0
HAT-P-39,6340,1.404,1.625,3.544,0.0509,190.3622,17.6091819,1752.0
HAT-P-40,6080,1.512,2.206,4.457,0.0608,195.447,19.391397,1770.0
HAT-P-41,6390,1.418,1.683,2.694,0.0426,254.24,18.8869965,1941.0
HAT-P-42,5743,1.178,1.53,4.642,0.0575,331.7832,14.347392,1428.0
HAT-P-43,5645,1.048,1.103,3.333,0.0443,210.38360000000003,14.358600899999999,1361.0
HAT-P-44,5295,0.942,0.949,4.301,0.0507,111.8656,13.9214538,1108.0
HAT-P-45,6330,1.259,1.319,3.129,0.0452,283.4776,15.9838914,1652.0
HAT-P-46,6120,1.284,1.396,4.463,0.0577,156.6754,14.3922276,1458.0
HAT-P-47,6703,1.387,1.515,4.732,0.0615,65.46679999999999,14.7172857,1605.0
HAT-P-48,5946,1.099,1.223,4.409,0.0543,53.39040000000001,12.6772659,1361.0
HAT-P-49,6820,1.543,1.833,2.692,0.0438,549.794,15.8381757,2131.0
HAT-P-50,6280,1.273,1.698,3.122,0.0453,429.03000000000003,14.4370632,1862.0
HAT-P-51,5449,0.976,1.041,4.218,0.05069,98.20020000000001,14.4931077,1192.0
HAT-P-52,5131,0.887,0.893,2.754,0.03694,259.9604,11.3097801,1218.0
HAT-P-53,5956,1.093,1.209,1.962,0.03159,471.6152,14.7733302,1778.0
HAT-P-54,4390,0.645,0.617,3.8,0.04117,241.52800000000002,10.5812016,818.0
HAT-P-55,5808,1.013,1.011,3.585,0.04604,184.9596,13.2489198,1313.0
HAT-P-56,6566,1.296,1.428,2.791,0.0423,692.8040000000001,16.432247399999998,1840.0
HAT-P-58,5931,1.031,1.53,4.014,0.04994,118.22160000000001,14.9302548,1622.0
HAT-P-59,5665,1.008,1.104,4.142,0.05064,489.41200000000003,12.5875947,1278.0
HAT-P-60,6462,1.435,2.197,4.795,0.06277,182.41719999999998,18.2817159,1772.0
HAT-P-61,5551,1.004,0.938,1.902,0.0301,335.9146,10.0768011,1505.0
HAT-P-62,5601,1.023,1.17,2.645,0.03772,241.84580000000003,12.027149699999999,1512.0
HAT-P-63,5365,0.925,0.966,3.378,0.04294,195.1292,12.5427591,1237.0
HAT-P-64,6302,1.298,1.735,4.007,0.05387,184.32399999999998,19.0887567,1766.0
HAT-P-65,5835,1.212,1.86,2.605,0.03951,167.4806,21.184821,1930.0
HAT-P-66,6002,1.255,1.881,2.972,0.04363,248.83740000000003,17.822151,1896.0
HAT-P-68,4508,0.679,0.6701,2.298,0.02996,230.0872,12.015940800000001,1028.0
HAT-P-69,7724,1.698,1.854,4.787,0.06629,1185.394,18.2256714,1990.0
HATS-01,5870,0.986,1.038,3.446,0.0444,589.519,14.5939878,1359.0
HATS-02,5227,0.882,0.898,1.354,0.023,427.44100000000003,13.0919952,1577.0
HATS-03,6351,1.209,1.404,3.548,0.0485,340.36379999999997,15.4794909,1648.0
HATS-04,5403,1.001,0.925,2.517,0.0362,420.4494,11.433078,1315.0
HATS-05,5304,0.936,0.871,4.763,0.0542,75.3186,10.222516800000001,1025.0
HATS-06,3770,0.574,0.57,3.325,0.03623,101.3782,11.1864822,713.0
HATS-07,4985,0.849,0.815,3.185,0.04012,38.136,6.310610699999999,1084.0
HATS-08,5679,1.056,1.086,3.584,0.04667,43.85640000000001,9.7853697,1324.0
HATS-09,5366,1.03,1.503,1.915,0.03048,259.3248,13.14131436,1823.0
HATS-10,5880,1.101,1.105,3.313,0.04491,167.1628,10.861424099999999,1407.0
HATS-11,6060,1.0,1.444,3.619,0.04614,263.774,16.6676343,1637.0
HATS-12,6408,1.489,2.21,3.143,0.04795,759.542,15.5131176,2097.0
HATS-13,5523,0.962,0.887,3.044,0.04057,172.5654,13.585186799999999,1244.0
HATS-14,5346,0.967,0.933,2.767,0.03815,340.36379999999997,11.646047099999999,1276.0
HATS-15,5311,0.871,0.922,1.747,0.02712,689.626,12.3858345,1505.0
HATS-16,5738,0.97,1.238,2.687,0.03744,1039.2060000000001,14.57157,1592.0
HATS-17,5846,1.131,1.091,16.255,0.1308,425.2164,8.7093153,814.0
HATS-18,5600,1.048,0.999,0.838,0.01768,632.422,14.6164056,2029.0
HATS-19,5896,1.303,1.75,4.57,0.0589,135.7006,18.606773999999998,1570.0
HATS-20,5406,0.91,0.892,3.799,0.04619,86.75940000000001,8.6981064,1147.0
HATS-21,5695,1.08,1.021,3.554,0.04676,105.5096,12.5875947,1284.0
HATS-22,4803,0.759,0.689,4.723,0.05025,870.772,10.6820817,858.0
HATS-23,5780,1.121,1.199,2.161,0.03397,467.166,20.848554,1654.0
HATS-24,6346,1.212,1.172,1.348,0.02547,775.432,16.6676343,2067.0
HATS-25,5715,0.994,1.107,4.299,0.05163,194.8114,14.123213999999999,1277.0
HATS-26,6071,1.299,2.04,3.302,0.04735,206.57000000000002,19.615575,1918.0
HATS-27,6438,1.415,1.74,4.637,0.0611,168.43400000000003,16.81335,1659.0
HATS-28,5498,0.929,0.922,3.181,0.04131,213.56160000000003,13.3834266,1253.0
HATS-29,5670,1.032,1.073,4.606,0.05475,207.5234,14.022333899999998,1212.0
HATS-30,5943,1.093,1.061,3.174,0.04354,224.36679999999998,13.1704575,1414.0
HATS-31,6050,1.275,1.87,3.378,0.0478,279.664,18.382596,1823.0
HATS-32,5700,1.099,1.097,2.813,0.04024,292.37600000000003,13.999916100000002,1437.0
HATS-33,5659,1.062,1.022,2.55,0.03727,378.81759999999997,13.786947,1429.0
HATS-34,5456,0.952,0.9381,2.106,0.03165,302.2278,14.3698098,1431.0
HATS-35,6300,1.317,1.433,1.821,0.03199,388.3516,16.4098296,2037.0
HATS-36,6149,1.222,1.155,4.175,0.05425,1022.0448000000001,13.8429915,1356.0
HATS-37,5326,0.843,0.877,4.332,0.04913,31.462200000000003,6.7925933999999994,1085.0
HATS-38,5732,0.89,1.105,4.375,0.05036,23.5172,6.8822646,1294.0
HATS-39,6572,1.379,1.621,4.578,0.06007,200.214,17.597973,1645.0
HATS-40,6460,1.561,2.26,3.264,0.04997,505.302,17.710062,2101.0
HATS-41,6424,1.496,1.71,4.194,0.0583,3082.66,14.907837,1710.0
HATS-42,6060,1.273,1.48,2.292,0.03689,597.4639999999999,15.692459999999999,1856.0
HATS-43,5099,0.837,0.812,4.389,0.04944,82.9458,13.226502,1003.0
HATS-44,5080,0.86,0.847,2.744,0.03649,177.96800000000002,11.959896299999999,1161.0
HATS-45,6450,1.272,1.315,4.188,0.05511,222.46,14.4146454,1518.0
HATS-46,5451,0.869,0.894,4.742,0.05272,50.2124,10.6596639,1082.0
HATS-47,4479,0.674,0.6564,3.923,0.04269,117.26820000000001,12.5203413,853.0
HATS-48,4190,0.7279,0.7152,3.132,0.03769,77.22540000000001,8.96712,955.0
HATS-49,4354,0.7133,0.6977,4.148,0.04515,112.18339999999999,8.5748085,835.0
HATS-50,5990,1.168,1.117,3.823,0.05046,123.94200000000001,12.666056999999999,1348.0
HATS-51,5758,1.187,1.44,3.349,0.04639,244.0704,15.804549,1553.0
HATS-52,6010,1.111,1.046,1.367,0.02498,711.8720000000001,15.490699799999998,1834.0
HATS-53,5644,0.964,1.101,3.854,0.04753,189.091,15.019926,1312.0
HATS-54,5621,1.05,1.23,2.544,0.037,239.3034,11.3770335,1429.0
HATS-55,6095,1.196,1.126,4.204,0.05412,292.6938,14.022333899999998,1367.0
HATS-56,6552,1.573,2.201,4.325,0.06043,191.3156,18.920623199999998,1902.0
HATS-57,5659,1.026,0.96,2.351,0.03493,1000.1166,12.7669371,1413.0
HATS-58,6460,1.461,1.433,4.218,0.05798,327.334,12.2737455,1721.0
HATS-59,5670,1.038,1.036,5.416,0.06112,256.14680000000004,12.621221399999998,1128.0
HATS-60,5698,1.0988,1.46,3.561,0.0471,206.57000000000002,13.3834266,1529.0
HATS-61,5630,1.075,1.667,7.818,0.07904,1080.52,13.4618889,1227.0
HATS-63,5637,0.931,1.07,3.057,0.04026,305.088,13.5291423,1398.0
HATS-64,6635,1.562,2.113,4.909,0.0656,295.55400000000003,18.763698599999998,1797.0
HATS-65,6660,1.269,1.296,3.105,0.04511,252.01540000000003,16.5779631,1623.0
HATS-66,6500,1.406,1.851,3.141,0.04709,1747.9,16.81335,1999.0
HATS-67,6570,1.441,1.441,1.609,0.03036,469.39060000000006,18.9878766,2196.0
HATS-68,6300,1.337,1.769,3.586,0.05053,408.6908,14.3922276,1750.0
HATS-70,7930,1.78,1.881,1.888,0.03632,4099.62,15.5131176,2730.0
HATS-71,3500,0.569,0.5161,3.796,0.03946,143.01000000000002,12.105612,568.0
HATS-72,4612,0.7311,0.7214,7.328,0.06652,39.852120000000006,8.09730936,739.0
HATS-74,3777,0.601,0.5758,1.732,0.02384,463.988,11.5675848,895.0
HATS-75,3790,0.6017,0.5848,2.789,0.03274,156.0398,9.9086676,772.0
HATS-76,4016,0.662,0.6259,1.942,0.02658,835.4962,12.0944031,940.0
HATS-77,4071,0.655,0.6428,3.088,0.03607,436.65720000000005,13.0583685,828.0
HD_001397,5528,1.322,2.328,11.536,0.1097,133.1582,11.4667047,1228.0
HD_002685,6801,1.44,1.57,4.127,0.0568,375.004,16.140816,2061.0
HD_003167b,5300,0.852,0.871,0.96,0.01802,4.73522,1.67685144,1777.0
HD_003167c,5300,0.852,0.871,29.845,0.1783,10.67808,2.9187975600000002,565.0
HD_006061,5920,1.0,1.03,5.245,0.059,10.805200000000001,2.4547491,1194.0
HD_015337b,5125,0.9,0.856,4.756,0.0535,7.6272,1.58493846,989.0
HD_015337c,5125,0.9,0.856,17.178,0.1261,7.37296,2.3090333999999997,644.0
HD_017156,6046,1.285,1.517,21.216,0.1632,1036.028,12.2625366,888.0
HD_020329,5596,0.9,1.13,0.926,0.018,7.40474,1.7149617,2141.0
HD_021749b,4640,0.73,0.695,35.613,0.209,19.98962,2.8582695,407.0
HD_023472b,4684,0.67,0.71,17.667,0.1162,8.326360000000001,1.9951842,543.0
HD_023472c,4684,0.67,0.71,29.797,0.1646,3.40046,1.8718863000000001,467.0
HD_023472d,4684,0.67,0.71,3.977,0.04298,0.54026,0.74987541,909.0
HD_023472e,4684,0.67,0.71,7.908,0.068,0.73094,0.8182497,723.0
HD_023472f,4684,0.67,0.71,12.162,0.0906,0.73094,1.13658246,630.0
HD_025463b,6220,1.19,1.41,7.049,0.076,8.48526,2.6228826,1290.0
HD_028109b,6120,1.446,1.26,22.891,0.1357,18.4324,2.1969444,881.0
HD_028109c,6120,1.446,1.26,56.008,0.308,7.945,4.2257553,582.0
HD_028109d,6120,1.446,1.26,84.26,0.411,5.7204,3.250581,507.0
HD_042813b,5289,0.88,0.993,13.631,0.107,9.597560000000001,3.474759,777.0
HD_042813c,5289,0.88,0.993,3.538,0.0436,4.51276,1.5804548999999999,1217.0
HD_042813d,5289,0.88,0.993,6.43,0.0649,5.0848,1.3674857999999999,998.0
HD_063433b,5700,0.994,0.897,7.108,0.0722,2.3835,2.017602,969.0
HD_063433c,5700,0.994,0.897,20.546,0.147,18.7502,2.4435402,680.0
HD_073583b,4511,0.73,0.65,6.398,0.0604,10.1696,2.7910160999999998,714.0
HD_073583c,4511,0.73,0.65,18.88,0.1242,9.8518,2.3874957,498.0
HD_080606,5584,1.018,1.037,111.437,0.4603,1323.3509800000002,11.5675848,405.0
HD_080653,6022,1.18,1.22,0.72,0.0166,5.593280000000001,1.61296071,3167.0
HD_086226c,5863,1.019,1.053,3.984,0.049,7.24584,2.1633177,1311.0
HD_088986,5861,1.25,1.543,147.4,0.58,17.1612,2.4883758,460.0
HD_093963b,5987,1.109,1.043,1.039,0.02085,7.945,1.3495515599999999,2042.0
HD_093963c,5987,1.109,1.043,3.645,0.04813,19.068,3.2281631999999996,1344.0
HD_095338,5212,0.83,0.87,55.086,0.262,42.426300000000005,3.8894882999999996,385.0
HD_097658,5170,0.77,0.746,9.49,0.08,7.817880000000001,2.24738445,757.0
HD_106315b,6364,1.154,1.269,9.554,0.0924,10.487400000000001,2.3987046,1153.0
HD_106315c,6364,1.154,1.269,21.058,0.1565,12.0764,4.3826799,886.0
HD_110067b,5266,0.798,0.788,9.114,0.0793,5.68862,2.20030707,800.0
HD_110067d,5266,0.798,0.788,20.52,0.1362,8.5806,2.85154416,602.0
HD_110067f,5266,0.798,0.788,41.059,0.2163,5.021240000000001,2.6004648,489.0
HD_110113,5732,0.997,0.968,2.541,0.035,4.5445400000000005,2.0512287,1371.0
HD_118203,5692,1.257,2.103,6.135,0.0708,690.5794000000001,12.6996837,1496.0
HD_119130,5725,1.0,1.09,16.984,0.13,24.4706,2.6340915,795.0
HD_135694,5710,0.9,1.05,15.923,0.12,5.68862,2.5107936,815.0
HD_136352b,5664,0.876,1.054,11.578,0.0963,4.67166,1.64322474,905.0
HD_136352c,5664,0.876,1.054,27.592,0.1717,11.21834,2.85266505,677.0
HD_136352d,5664,0.876,1.054,107.245,0.4243,8.64416,2.50743093,431.0
HD_137496,5799,1.04,1.59,1.621,0.02732,4.03606,1.3114413,2130.0
HD_149026,6147,1.345,1.541,2.876,0.04313,116.9504,9.1128357,1634.0
HD_183579,5788,1.031,0.985,17.471,0.1334,20.402759999999997,3.49045146,752.0
HD_189733,4969,0.783,0.784,2.219,0.03142,365.46999999999997,12.9014439,1191.0
HD_191939b,5427,0.92,0.945,8.88,0.0804,10.0107,3.40974738,880.0
HD_191939c,5427,0.92,0.945,28.581,0.1752,8.008560000000001,3.1945365,600.0
HD_191939d,5427,0.92,0.945,38.356,0.2132,2.7966400000000005,2.99501808,540.0
HD_202772,6272,1.72,2.591,3.309,0.05208,323.20259999999996,17.3177505,2132.0
HD_207496,4819,0.8,0.769,6.441,0.0629,6.0382,2.2529889,743.0
HD_207897,5070,0.8,0.779,16.202,0.1163,14.39634,2.50070559,632.0
HD_209458,6117,1.148,1.162,3.525,0.04747,226.9092,15.468281999999999,1459.0
HD_212729b,6146,1.204,1.264,9.14,0.09103,16.906959999999998,2.8694784,1135.0
HD_213885,5978,1.068,1.1101,1.008,0.0568,8.83484,1.74522573,1265.0
HD_219134b,4699,0.81,0.778,3.093,0.03876,4.73522,1.6017518099999999,1015.0
HD_219134c,4699,0.81,0.778,6.765,0.0653,4.35386,1.51095972,782.0
HD_219666,5527,0.92,1.03,6.036,0.0636,16.589160000000003,4.707738,1073.0
HD_260655b,3803,0.439,0.439,2.77,0.02933,2.12926,1.23970434,709.0
HD_260655c,3803,0.439,0.439,5.706,0.04749,2.76486,1.53337752,557.0
HD_271181,6495,1.435,1.648,4.231,0.058,387.716,16.690052100000003,1669.0
HD_332231,6089,1.127,1.277,18.721,0.1436,79.76780000000001,9.7181163,876.0
HIP_00065,4590,0.781,0.7242,0.981,0.01782,1021.0914,22.754067,1411.0
HIP_08152b,5530,0.91,0.95,10.751,0.092,7.7861,2.5556292000000003,855.0
HIP_08152c,5530,0.91,0.95,19.605,0.138,9.406880000000001,2.4771669,699.0
HIP_09618b,5609,1.022,0.966,20.773,0.1438,9.8518,3.9006971999999998,663.0
HIP_33609,10400,2.38,1.863,39.472,0.3058,21610.4,17.710062,1237.0
HIP_97166,5198,0.898,0.836,10.289,0.089,19.98962,2.7349715999999997,642.0
K2-003b,3844,0.549,0.546,10.054,0.0747,5.11658,2.07813006,501.0
K2-003c,3844,0.549,0.546,24.649,0.1357,2.66952,1.58157579,372.0
K2-018b,3503,0.495,0.469,32.94,0.1591,9.50222,2.7125538,265.0
K2-021b,4043,0.64,0.6,9.324,0.0731,1.5890000000000002,1.5916637999999999,500.0
K2-021c,4043,0.64,0.6,15.501,0.1026,3.8771600000000004,1.9167219000000002,420.0
K2-024b,5625,1.07,1.16,20.89,0.154,18.114600000000003,5.4026898,767.0
K2-024c,5625,1.07,1.16,42.339,0.247,15.38152,7.4987541,606.0
K2-025b,3207,0.2634,0.2932,3.485,0.0287,24.4706,3.4299234,494.0
K2-027b,5248,0.866,0.885,6.771,0.06702,30.826600000000003,4.48356,902.0
K2-029,5358,0.94,0.86,3.259,0.04217,231.994,13.338591,1171.0
K2-030,5582,0.984,0.941,4.099,0.04986,198.625,13.417053300000001,1152.0
K2-032b,5271,0.83,0.86,8.992,0.0795,15.000160000000001,5.3018097,837.0
K2-032c,5271,0.83,0.86,20.656,0.13843,8.1039,3.1384920000000003,634.0
K2-032d,5271,0.83,0.86,31.719,0.18422,6.70558,3.4859679,550.0
K2-032e,5271,0.83,0.86,4.349,0.04899,2.09748,1.21168209,1066.0
K2-034,6131,1.204,1.383,3.0,0.04328,524.0522,13.641231300000001,1670.0
K2-036b,4916,0.79,0.718,1.423,0.0223,3.9089400000000003,1.4347392,1224.0
K2-036c,4916,0.79,0.718,5.341,0.054,7.7861,3.1945365,788.0
K2-038b,5757,1.03,1.06,4.016,0.04994,7.3094,1.5356193,1266.0
K2-038c,5757,1.03,1.06,10.561,0.09514,8.294580000000002,2.2866155999999997,916.0
K2-039,4912,1.192,2.93,4.605,0.0574,39.725,5.7053301,1670.0
K2-055,4300,0.688,0.715,2.849,0.0347,43.85640000000001,4.4275155,900.0
K2-056,5766,0.961,0.928,41.686,0.241,16.2078,2.2305711,546.0
K2-060,5500,0.97,1.12,3.003,0.045,135.3828,7.6556787,1400.0
K2-066,5887,1.01,1.67,5.07,0.05983,21.292600000000004,2.4883758,1372.0
K2-079,5926,1.06,1.269,10.996,0.099,11.7586,4.0912485,1021.0
K2-093b,6320,1.16,1.273,15.571,0.1283,6.896260000000001,2.5948603500000003,959.0
K2-093c,6320,1.16,1.273,31.698,0.2061,4.38564,2.72712537,757.0
K2-093d,6320,1.16,1.273,278.36,0.22,12.0764,9.2025069,294.0
K2-098,6120,1.074,1.311,10.137,0.0943,32.09780000000001,4.259382,1102.0
K2-099,6069,1.44,2.55,18.249,0.153,276.486,11.881434,1184.0
K2-100,5945,1.15,1.24,1.674,0.0301,21.928200000000004,3.8782794,1841.0
K2-106b,5508,0.96,0.98,0.572,0.01332,8.51704,1.7104781400000002,2275.0
K2-106c,5508,0.96,0.98,13.341,0.1088,5.91108,2.7349715999999997,796.0
K2-107,6030,1.3,1.78,3.314,0.048,266.952,16.140816,1780.0
K2-108,5474,1.121,1.75,4.734,0.0573,59.4286,5.279391899999999,1446.0
K2-110,5010,0.738,0.713,13.864,0.1021,16.6845,2.5892559,640.0
K2-111,5775,0.84,1.25,5.351,0.057,5.27548,1.8158418,1309.0
K2-113,5627,1.007,1.047,5.818,0.0575,409.96200000000005,10.424277,1178.0
K2-114,5014,0.832,0.828,11.391,0.09309,587.9300000000001,10.558783799999999,719.0
K2-115,5544,0.831,0.881,20.273,0.1367,266.952,12.4979235,682.0
K2-138b,5350,0.93,0.86,2.353,0.03385,3.11444,1.5132015,1308.0
K2-138c,5350,0.93,0.86,3.56,0.04461,6.292440000000001,2.2978245,1140.0
K2-138d,5350,0.93,0.86,5.405,0.05893,7.91322,2.3874957,992.0
K2-138e,5350,0.93,0.86,8.261,0.0782,12.99802,3.3850878,861.0
K2-138f,5350,0.93,0.86,12.758,0.10447,1.5890000000000002,2.9031051,745.0
K2-138g,5350,0.93,0.86,12.758,0.23109,4.2903,3.0151941,501.0
K2-139,5245,0.883,0.863,28.382,0.179,121.3996,9.0007467,536.0
K2-140,5654,1.005,0.987,6.569,0.0591,323.8382,12.2737455,1114.0
K2-141b,4599,0.706,0.6862,0.28,0.00716,5.14836,1.49302548,2039.0
K2-180,5110,0.71,0.69,8.867,0.075,11.4408,2.24178,729.0
K2-182,5710,0.865,0.793,4.737,0.0526,20.0214,2.690136,969.0
K2-199b,4491,0.711,0.682,3.225,0.0382,6.9916,1.7261705999999999,913.0
K2-199c,4491,0.711,0.682,7.374,0.0662,12.3942,2.8470606,694.0
K2-216,4503,0.7,0.72,2.175,0.028,7.3094,1.7485884,1103.0
K2-229b,5185,0.804,0.781,0.584,0.01288,2.47884,1.19711052,1960.0
K2-232,6154,1.118,1.161,11.168,0.10356,126.48440000000001,11.2089,1030.0
K2-233b,5033,0.79,0.71,2.467,0.03308,2.3835,1.31480397,1121.0
K2-233c,5033,0.79,0.71,7.061,0.06666,4.6081,1.27221015,790.0
K2-233d,5033,0.79,0.71,24.366,0.15224,10.29672,2.36283612,523.0
K2-234,5622,1.324,1.733,11.814,0.1115,38.4538,7.2633672,1068.0
K2-236,6025,1.18,1.38,19.492,0.148,27.013,6.1648950000000005,886.0
K2-237,6099,1.23,1.38,2.181,0.0352,392.80080000000004,18.4050138,1838.0
K2-238,5630,1.19,1.59,3.205,0.046,273.308,14.57157,1587.0
K2-260,6367,1.39,1.69,2.627,0.0404,451.276,17.3962128,1957.0
K2-261,5513,1.105,1.669,11.634,0.10376,56.8862,9.415476,1066.0
K2-263,5372,0.88,0.85,50.819,0.2573,14.80948,2.4099135,470.0
K2-266b,4285,0.686,0.703,0.659,0.01306,11.4408,3.250581,1515.0
K2-266c,4285,0.686,0.703,7.814,0.0679,0.28602,0.7061607,665.0
K2-266d,4285,0.686,0.703,14.697,0.1035,9.534,2.9255229000000003,538.0
K2-266e,4285,0.686,0.703,19.482,0.1249,8.2628,2.7349715999999997,490.0
K2-267,6189,1.317,1.586,6.18,0.07229,953.4000000000001,11.7805539,1401.0
K2-280,5500,1.03,1.28,19.895,0.1461,37.1826,7.4987541,787.0
K2-285b,4975,0.83,0.787,3.472,0.03817,9.6929,2.5892559,1089.0
K2-285c,4975,0.83,0.787,7.138,0.0824,15.667539999999999,3.5308034999999998,741.0
K2-287,5625,1.03,1.1,14.893,0.1204,98.518,9.863832,808.0
K2-290c,6302,1.194,1.511,48.367,0.305,245.9772,11.2761534,676.0
K2-295,4444,0.74,0.7,4.025,0.0467,106.46300000000001,10.0543833,852.0
K2-310b,4542,0.615,0.57,13.603,0.098,9.2162,2.5892559,536.0
K2-310c,4542,0.615,0.57,65.55,0.28,9.534,2.690136,316.0
K2-314b,5430,1.05,1.71,3.595,0.047,8.7395,1.9503485999999999,1616.0
K2-314c,5430,1.05,1.71,15.624,0.13,14.650580000000001,3.6653103000000002,990.0
K2-314d,5430,1.05,1.71,35.747,0.22,10.1696,3.9455327999999996,752.0
K2-329,5282,0.901,0.822,12.455,0.1016,82.628,8.6756886,650.0
KELT-01,6471,1.369,1.501,1.218,0.02494,8803.06,12.755728199999998,2421.0
KELT-02,6151,1.314,1.836,4.114,0.05504,484.3272,14.459481,1712.0
KELT-03,6306,1.278,1.472,2.703,0.04122,469.39060000000006,15.0759705,1811.0
KELT-04,6206,1.201,1.603,2.99,0.04317,286.6556,19.043921100000002,1823.0
KELT-06,6246,1.11,1.34,7.846,0.07939,139.832,11.433078,1313.0
KELT-07,6699,1.517,1.712,2.735,0.0434,406.78400000000005,16.7685144,2028.0
KELT-08,5754,1.211,1.67,3.244,0.04571,275.5326,20.848554,1675.0
KELT-09,9329,2.32,2.418,1.481,0.03368,915.264,21.7004304,3921.0
KELT-10,5948,1.112,1.209,4.166,0.0525,216.104,15.7933401,1377.0
KELT-11,5375,1.44,2.69,4.736,0.06229,65.149,15.132015,1712.0
KELT-15,6003,1.181,1.481,3.329,0.04613,380.0888,17.037528,1904.0
KELT-16,6237,1.195,1.315,0.969,0.02035,861.238,15.5019087,2417.0
KELT-17,7454,1.635,1.645,3.08,0.04881,416.31800000000004,16.891812299999998,2087.0
KELT-18,6670,1.524,1.908,2.872,0.0455,375.004,17.597973,2085.0
KELT-23,5900,0.945,0.995,2.255,0.03303,298.0964,14.818165800000001,1561.0
KELT-24,6508,1.461,1.506,5.552,0.06971,1646.204,14.2577208,1458.0
Kepler-004,5857,1.173,1.48,3.214,0.0449,23.835,4.1248752,1620.0
Kepler-005,6297,1.296,1.544,3.548,0.04967,646.4051999999999,13.551560100000001,1692.0
Kepler-006,5647,1.114,1.261,3.235,0.04438,201.16740000000001,13.103204100000001,1451.0
Kepler-007,5933,1.413,2.028,4.885,0.06324,143.9634,18.4834761,1619.0
Kepler-008,6213,1.23,1.495,3.523,0.0485,187.502,15.4794909,1662.0
Kepler-010b,5708,0.91,1.065,0.837,0.01685,3.7182600000000003,1.46948679,2169.0
Kepler-010c,5708,0.91,1.065,45.294,0.241,7.37296,2.35050633,584.0
Kepler-012,5947,1.157,1.49,4.438,0.0555,136.654,19.1223834,1485.0
Kepler-013,7650,1.72,1.71,1.764,0.04889,1906.8000000000002,15.759713399999999,2750.0
Kepler-014,6395,1.318,2.09,6.79,0.0771,2440.704,12.621221399999998,1605.0
Kepler-015,5595,1.08,1.253,4.943,0.0583,221.1888,14.448272099999999,1251.0
Kepler-016,4450,0.6897,0.6489,221.776,0.7048,105.82740000000001,8.44926882,185.0
Kepler-017,5781,1.066,0.983,1.486,0.02605,743.6519999999999,14.683659,1712.0
Kepler-020b,5495,0.948,0.964,3.696,0.0463,9.6929,1.8685236299999999,1105.0
Kepler-020c,5495,0.948,0.964,10.854,0.0949,12.74378,3.04657902,772.0
Kepler-020d,5495,0.948,0.964,77.612,0.3506,10.1696,2.74393872,401.0
Kepler-021,6305,1.408,1.902,2.786,0.04285,5.0848,1.63874118,2025.0
Kepler-022,5518,0.97,0.979,289.864,0.848,6.9916,2.3987046,262.0
Kepler-036b,5911,1.071,1.626,13.84,0.1153,4.32208,1.4896628099999998,978.0
Kepler-036c,5911,1.071,1.626,16.239,0.1283,7.84966,3.6798818699999996,928.0
Kepler-039,6290,1.2,1.26,21.087,0.162,6038.2,11.993523,853.0
Kepler-040,6510,1.46,2.48,6.873,0.0802,686.4480000000001,16.140816,1744.0
Kepler-041,5750,1.15,1.29,1.856,0.03101,177.96800000000002,14.459481,1790.0
Kepler-043,6041,1.24,1.332,3.024,0.044,982.002,12.4979235,1603.0
Kepler-044,5800,1.12,1.35,3.247,0.0446,317.8,12.217701,1544.0
Kepler-045,3820,0.59,0.624,2.455,0.0314,160.489,12.6996837,787.0
Kepler-046b,5155,0.902,0.938,33.601,0.1971,281.253,9.079209,543.0
Kepler-049b,4097,0.607,0.618,7.204,0.0593,9.75646,2.57916789,495.0
Kepler-049c,4097,0.607,0.618,10.913,0.0782,8.38992,2.4435402,431.0
Kepler-051b,5670,0.985,0.881,45.154,0.2514,3.68648,6.8934735,543.0
Kepler-051c,5670,0.985,0.881,85.314,0.384,4.41742,8.96712,439.0
Kepler-051d,5670,0.985,0.881,130.185,0.509,5.68862,9.460311599999999,381.0
Kepler-052b,4164,0.624,0.63,7.877,0.0637,4.6081,2.39982549,499.0
Kepler-052c,4164,0.624,0.63,16.385,0.1038,15.5722,2.12184477,390.0
Kepler-068b,5793,1.079,1.243,5.399,0.0617,6.0382,2.31015429,1280.0
Kepler-074,6000,1.18,1.12,7.341,0.0781,200.214,10.760544,1078.0
Kepler-075,5200,0.91,0.89,8.885,0.0818,3209.78,11.769345,767.0
Kepler-077,5520,0.95,0.99,3.579,0.04501,136.654,10.760544,1440.0
Kepler-080b,4540,0.73,0.678,7.053,0.0648,2.3835,2.37292413,546.0
Kepler-080c,4540,0.73,0.678,9.522,0.0792,3.40046,2.50743093,494.0
Kepler-082b,5409,0.91,0.898,26.444,0.1683,13.9832,4.0688306999999995,569.0
Kepler-082c,5409,0.91,0.898,51.532,0.2626,20.974800000000002,5.3354364,456.0
Kepler-085b,5505,0.928,0.875,8.306,0.0789,1.84324,1.7777315399999998,814.0
Kepler-085c,5505,0.928,0.875,12.513,0.1037,2.16104,1.97837085,712.0
Kepler-087b,5600,1.1,1.82,114.736,0.481,324.156,13.484306700000001,478.0
Kepler-087c,5600,1.1,1.82,191.232,0.676,6.38778,6.1424772,403.0
Kepler-089b,6182,1.277,1.52,3.743,0.05119,10.487400000000001,1.7149617,1486.0
Kepler-089c,6182,1.277,1.52,10.424,0.1013,15.5722,4.3154265,1012.0
Kepler-089d,6182,1.277,1.52,22.343,0.1684,105.82740000000001,11.264944499999999,806.0
Kepler-089e,6182,1.277,1.52,54.32,0.3046,34.958,6.5572064999999995,584.0
Kepler-093b,5669,0.919,0.911,4.727,0.053,4.0042800000000005,1.4784539099999998,1037.0
Kepler-101b,5667,1.17,1.56,3.488,0.0474,51.165800000000004,5.7725835,1513.0
Kepler-107b,5854,1.238,1.447,3.18,0.04544,3.4958,1.5356193,1593.0
Kepler-107c,5854,1.238,1.447,4.901,0.06064,9.3751,1.59726825,1379.0
Kepler-107e,5854,1.238,1.447,14.749,0.12639,8.5806,2.90198421,955.0
Kepler-117b,6150,1.129,1.606,18.796,0.1445,29.8732,8.059199099999999,984.0
Kepler-117c,6150,1.129,1.606,50.79,0.2804,584.7520000000001,12.340998899999999,704.0
Kepler-128b,6072,1.184,1.659,15.09,0.127,3.7818200000000006,1.4212885199999998,970.0
Kepler-128c,6072,1.184,1.659,22.803,0.167,3.3686800000000003,1.5210477299999998,843.0
Kepler-138b,3841,0.535,0.535,10.312,0.0753,0.06356,0.64002819,452.0
Kepler-138c,3841,0.535,0.535,13.781,0.0913,2.28816,1.5132015,410.0
Kepler-138d,3841,0.535,0.535,23.089,0.1288,2.09748,1.5132015,345.0
Kepler-167e,4830,0.777,0.749,1071.232,1.883,320.978,10.1552634,134.0
Kepler-278b,4965,1.227,2.861,30.161,0.202,57.204,3.9567417,586.0
Kepler-278c,4965,1.227,2.861,51.079,0.287,34.958,3.2729988,492.0
Kepler-305b,5090,0.827,0.792,5.487,0.0586,5.7204,2.82912636,833.0
Kepler-305c,5090,0.827,0.792,8.291,0.0771,4.2267399999999995,2.49510114,729.0
Kepler-411b,4906,0.81,0.75,3.005,0.0375,25.7418,2.3987046,1138.0
Kepler-411c,4906,0.81,0.75,7.834,0.0739,26.3774,4.4163066,838.0
Kepler-411d,4906,0.81,0.75,58.02,0.279,15.2544,3.3178343999999997,410.0
Kepler-420,5520,0.99,1.13,86.648,0.382,460.81,10.536366,511.0
Kepler-423,5560,0.85,0.95,2.684,0.03585,189.091,13.361008799999999,1605.0
Kepler-425,5170,0.93,0.86,3.797,0.0464,79.45,10.9623042,1070.0
Kepler-426,5725,0.91,0.92,3.218,0.0414,108.052,12.217701,1300.0
Kepler-427,5800,0.96,1.35,10.291,0.091,92.16199999999999,13.786947,1100.0
Kepler-428,5150,0.87,0.8,3.526,0.0433,403.606,12.105612,1070.0
Kepler-432,5020,1.32,4.06,50.501,0.301,1719.298,12.8341905,942.0
Kepler-433,6340,1.46,2.26,5.334,0.0679,896.196,16.252905,1776.0
Kepler-434,5970,1.198,1.38,12.875,0.1143,908.908,12.666056999999999,1000.0
Kepler-435,6090,1.538,3.21,8.6,0.0948,266.952,22.305711,1729.0
Kepler-492,5238,0.88,0.9,11.72,0.101,12616.660000000002,9.751743,737.0
Kepler-503,5670,1.154,1.764,7.258,0.0786,24979.079999999998,10.760544,1296.0
Kepler-538,5547,0.892,0.8717,81.738,0.4669,10.582740000000001,2.21487864,380.0
Kepler-539,5820,1.048,0.952,125.632,0.4988,308.266,8.3730483,388.0
Kepler-1514b,6145,1.196,1.289,217.832,0.753,1677.9840000000002,12.4194612,379.0
Kepler-1656,5731,1.03,1.1,31.579,0.1974,47.67,5.0215872,651.0
Kepler-1657,5830,1.01,0.96,141.242,0.534,613.354,11.096811,347.0
Kepler-1704,5772,1.131,1.697,988.881,2.026,1318.8700000000001,11.9374785,254.0
KPS-1,5165,0.892,0.907,1.706,0.0269,346.40200000000004,11.545167,1459.0
L98-59b,3412,0.273,0.303,2.253,0.02191,0.41314,0.84963462,627.0
L98-59c,3412,0.273,0.303,3.691,0.0304,2.2246,1.38542004,553.0
L98-59d,3412,0.273,0.303,7.451,0.0486,1.9385800000000002,1.5210477299999998,416.0
L168-9,3800,0.62,0.6,1.402,0.02091,4.6081,1.3899036,965.0
LHS_1140b,3096,0.1844,0.2159,24.737,0.0946,5.593280000000001,1.72953327,226.0
LHS_1140c,3096,0.1844,0.2159,3.778,0.027,1.9068,1.27221015,422.0
LHS_1478,3381,0.236,0.246,1.95,0.01848,2.31994,1.2441879,595.0
LHS_1815,3643,0.502,0.501,3.814,0.0404,4.1314,1.08838419,617.0
LHS_6343,3431,0.358,0.373,12.714,0.0797,19735.38,8.7765687,358.0
LP_714-47,3950,0.59,0.584,4.052,0.0417,30.826600000000003,4.7974092,700.0
LTT_1445Ab,3337,0.257,0.27,5.359,0.03808,2.73308,1.3394635499999998,424.0
LTT_1445Ac,3337,0.257,0.27,3.124,0.02658,1.36654,1.0995930900000002,508.0
LTT_3780b,3358,0.381,0.38,0.768,0.01195,2.44706,1.32489198,903.0
LTT_3780c,3358,0.381,0.38,12.252,0.0757,8.008560000000001,2.3874957,359.0
LTT_9779,5445,1.03,0.95,0.792,0.01679,29.301160000000003,4.7189469,1978.0
MASCARA-1,7554,1.9,2.082,2.146,0.04035,1175.8600000000001,17.9006133,2594.0
MASCARA-4,7810,1.75,1.79,2.824,0.0474,533.904,16.9814835,2250.0
NGTS-01,3916,0.617,0.573,2.647,0.0326,258.0536,14.907837,790.0
NGTS-02,6450,1.302,1.62,4.511,0.0584,212.92600000000002,17.2168704,1638.0
NGTS-05,4987,0.661,0.739,3.357,0.0382,72.7762,12.733310399999999,952.0
NGTS-06,4730,0.767,0.754,0.882,0.01677,425.5342,14.8630014,1284.0
NGTS-08,5241,0.89,0.98,2.5,0.035,295.55400000000003,12.217701,1345.0
NGTS-09,6330,1.34,1.38,4.435,0.058,921.62,11.993523,1448.0
NGTS-10,4400,0.696,0.697,0.767,0.0143,687.0836,13.5067245,1332.0
NGTS-11,5050,0.862,0.832,35.455,0.201,109.3232,9.157671299999999,435.0
NGTS-12,5690,1.021,1.589,7.533,0.0757,66.1024,11.7469272,1257.0
NGTS-13,5819,1.3,1.788,4.119,0.0549,1538.152,12.800563799999999,1605.0
NGTS-14,5187,0.898,0.842,3.536,0.0403,29.2376,4.9767516,1143.0
NGTS-15,5600,0.995,0.954,3.276,0.0441,238.6678,12.329790000000001,1146.0
NGTS-16,5550,1.002,1.21,4.845,0.0523,212.92600000000002,14.57157,1177.0
NGTS-17,5650,1.025,1.337,3.243,0.0391,241.52800000000002,13.899036,1457.0
NGTS-18,5610,1.003,1.39,3.051,0.0448,129.9802,13.562769,1381.0
NGTS-19,4716,0.807,0.896,17.84,0.1296,22087.100000000002,11.5900026,543.0
NGTS-20,5980,1.47,1.78,54.189,0.313,947.044,11.993523,688.0
NGTS-21,4660,0.72,0.86,1.543,0.0236,750.008,14.907837,1357.0
NGTS-23,6057,1.01,1.24,4.076,0.0504,194.8114,14.201676299999999,1327.0
NGTS-24,5820,1.26,1.64,3.468,0.0479,165.256,13.6076046,1499.0
NGTS-25,5321,0.91,0.86,2.823,0.0388,203.07420000000002,11.4667047,1101.0
OGLE-TR-010,6075,1.277,1.52,3.101,0.04516,216.104,19.279308,1702.0
OGLE-TR-056,6119,1.339,1.737,1.212,0.02453,448.098,19.4362326,2482.0
OGLE-TR-111,5044,0.846,0.822,4.014,0.04676,174.79000000000002,11.332197899999999,1019.0
OGLE-TR-113,4790,0.755,0.766,1.432,0.02265,390.894,12.1952832,1342.0
OGLE-TR-132,6210,1.29,1.338,1.69,0.03026,371.82599999999996,13.775738100000002,1991.0
OGLE-TR-182,5924,1.187,1.53,3.979,0.05205,336.86800000000005,16.477083,1550.0
OGLE-TR-211,6325,1.312,1.56,3.677,0.05105,238.35000000000002,14.1456318,1686.0
OGLE-TR-L9,6933,1.427,1.499,2.486,0.04047,1398.3200000000002,18.3041337,2034.0
Qatar-1,4820,0.838,0.803,1.42,0.02332,411.2332,12.8117727,1418.0
Qatar-2,4645,0.727,0.7033,1.337,0.02136,783.6948000000001,12.4979235,1285.0
Qatar-3,6009,1.145,1.272,2.508,0.03783,1369.7179999999998,12.2849544,1681.0
Qatar-4,5218,0.896,0.849,1.805,0.02803,1938.58,12.722101499999999,1385.0
Qatar-5,5746,1.128,1.076,2.879,0.04127,1372.8960000000002,12.4082523,1415.0
Qatar-6,5063,0.829,0.785,3.506,0.0423,217.05740000000003,13.047159599999999,1006.0
Qatar-7,6387,1.409,1.564,2.032,0.0352,597.4639999999999,19.05513,2053.0
Qatar-8,5738,1.029,1.315,3.715,0.0474,117.9038,14.4034365,1457.0
Qatar-9,4309,0.719,0.696,1.541,0.0234,378.182,11.3097801,1134.0
Qatar-10,6124,1.156,1.254,1.645,0.0286,233.9008,17.2953327,1955.0
TOI-125b,5320,0.859,0.848,4.654,0.05186,9.50222,2.72600448,1037.0
TOI-125c,5320,0.859,0.848,9.151,0.0814,6.64202,2.7573894,828.0
TOI-125d,5320,0.859,0.848,19.98,0.137,13.60184,2.9255229000000003,638.0
TOI-130,6203,1.126,1.194,14.339,0.12,7.7861,2.4547491,943.0
TOI-132,5397,0.97,0.9,2.11,0.026,22.786260000000002,3.4299234,1384.0
TOI-150,6029,1.249,1.551,5.857,0.0583,556.15,15.468281999999999,1493.0
TOI-157,5404,0.948,1.167,2.085,0.03138,375.004,14.4146454,1588.0
TOI-169,5880,1.147,1.288,2.255,0.03524,251.37980000000002,12.172865400000001,1715.0
TOI-172,5640,1.124,1.774,9.477,0.0913,1719.298,10.8165885,1198.0
TOI-178b,4316,0.647,0.662,1.915,0.02609,1.4936600000000002,1.14106602,1040.0
TOI-178c,4316,0.647,0.662,3.238,0.03703,4.767,1.6846976699999998,873.0
TOI-178d,4316,0.647,0.662,6.558,0.05927,3.0191,2.71703736,690.0
TOI-178e,4316,0.647,0.662,9.962,0.07833,3.84538,2.18909817,600.0
TOI-178f,4316,0.647,0.662,15.232,0.104,7.7225399999999995,2.4547491,521.0
TOI-178g,4316,0.647,0.662,20.71,0.1276,3.9407200000000002,2.90758866,470.0
TOI-181,4994,0.822,0.745,4.532,0.0539,46.080999999999996,7.1064426,895.0
TOI-201,6394,1.316,1.317,52.978,0.3,133.476,11.2985712,759.0
TOI-216b,5026,0.763,0.757,17.085,0.1293,17.60612,7.8350211,630.0
TOI-216c,5026,0.763,0.757,34.556,0.2068,166.845,10.08801,497.0
TOI-220,5298,0.825,0.858,10.695,0.0892,13.792520000000001,3.026403,805.0
TOI-244,3433,0.427,0.428,7.397,0.0559,2.66952,1.5132015,458.0
TOI-257,6096,1.394,1.883,18.388,0.1523,42.58520000000001,7.0167714,1033.0
TOI-263,3471,0.438,0.438,0.557,0.0098,19576.48,10.200099,1020.0
TOI-269,3514,0.3917,0.398,3.698,0.0345,8.80306,2.7685983,531.0
TOI-270b,3506,0.386,0.38,3.36,0.03199,1.4936600000000002,1.28005638,600.0
TOI-270c,3506,0.386,0.38,5.66,0.04529,6.1971,2.33033031,489.0
TOI-270d,3506,0.386,0.38,11.38,0.07215,4.19496,1.99966776,383.0
TOI-332,5251,0.88,0.87,0.777,0.0159,57.204,3.1945365,1871.0
TOI-421b,5325,0.852,0.871,5.197,0.0557,7.055160000000001,2.7237627,1015.0
TOI-421c,5325,0.852,0.871,16.068,0.1182,16.23958,5.1673029,697.0
TOI-431b,4850,0.78,0.731,0.49,0.0113,3.08266,1.2778146000000001,1862.0
TOI-431d,4850,0.78,0.731,12.461,0.098,9.88358,3.2954166,633.0
TOI-481,5735,1.14,1.66,10.331,0.097,486.23400000000004,11.096811,1370.0
TOI-500b,4440,0.74,0.678,0.548,0.01189,1.4301,1.1657256,1617.0
TOI-503,7650,1.8,1.7,3.677,0.05727,17065.86,15.019926,2011.0
TOI-519,3322,0.335,0.35,1.265,0.0159,147.1414,11.545167,687.0
TOI-530,3659,0.53,0.54,6.387,0.052,127.12,9.303386999999999,56.0
TOI-532,3957,0.639,0.612,2.327,0.0296,61.33540000000001,5.8174191,867.0
TOI-544,4169,0.63,0.624,1.548,0.0225,2.89198,2.017602,999.0
TOI-558,6466,1.349,1.496,14.574,0.1291,1147.258,12.172865400000001,1061.0
TOI-559,5925,1.026,1.233,6.984,0.0723,1909.978,12.2289099,1180.0
TOI-561b,5372,0.806,0.843,0.447,0.0106,2.2246,1.41904674,2310.0
TOI-561c,5372,0.806,0.843,10.779,0.0884,6.57846,2.914314,800.0
TOI-561d,5372,0.806,0.843,25.62,0.158,12.13996,2.8246428,598.0
TOI-561e,5372,0.806,0.843,77.23,0.328,13.60184,2.5444203,415.0
TOI-564,5640,0.998,1.088,1.651,0.02736,463.988,11.433078,1714.0
TOI-569,5705,1.21,1.48,6.556,0.07428,20275.64,8.406675,1227.0
TOI-615,6850,1.449,1.732,4.662,0.0678,138.243,18.9766677,1666.0
TOI-622,6400,1.313,1.415,6.403,0.0708,96.2934,9.236133599999999,1388.0
TOI-628,6250,1.311,1.345,3.41,0.0486,2011.6740000000002,11.881434,1586.0
TOI-629,9100,2.16,2.37,8.718,0.109,21292.600000000002,12.441879,2047.0
TOI-640,6460,1.536,2.082,5.004,0.06608,181.146,19.279308,1816.0
TOI-669,5600,0.9,0.99,3.945,0.047,9.78824,2.6004648,1235.0
TOI-674,3514,0.42,0.42,1.977,0.025,23.5172,5.2457652,635.0
TOI-677,6295,1.158,1.281,11.237,0.1038,392.80080000000004,13.114412999999999,1252.0
TOI-733,5585,0.956,0.949,4.885,0.0618,5.7204,1.99182153,1056.0
TOI-776b,3709,0.544,0.538,8.247,0.0652,4.67166,1.8270507,513.0
TOI-776c,3709,0.544,0.538,15.665,0.1,6.10176,2.0624376,415.0
TOI-778,6643,1.4,1.71,4.634,0.06,889.84,15.356193000000001,1561.0
TOI-811,6107,1.323,1.27,25.166,0.1874,19036.22,14.1456318,762.0
TOI-824,4616,0.712,0.695,1.393,0.02177,18.46418,2.9255229000000003,1253.0
TOI-836b,4552,0.678,0.665,3.817,0.0422,4.5445400000000005,1.7037528,871.0
TOI-836c,4552,0.678,0.665,8.595,0.075,9.597560000000001,2.58701412,665.0
TOI-852,5768,1.32,1.71,4.946,0.063,17065.86,9.2921781,1449.0
TOI-858B,5842,1.081,1.308,3.28,0.04435,349.58000000000004,14.067169499999999,1529.0
TOI-892,6261,1.28,1.39,10.627,0.092,301.91,11.993523,1397.0
TOI-905,5570,0.968,0.918,3.739,0.0467,211.97260000000003,13.1256219,1192.0
TOI-908,5626,0.95,1.028,3.184,0.0417,16.2078,3.18556938,1317.0
TOI-954,5710,1.201,1.892,3.685,0.04962,55.2972,9.5499828,1526.0
TOI-969,4435,0.734,0.671,1.824,0.02636,9.089080000000001,2.76523563,941.0
TOI-1062,5328,0.94,0.84,4.114,0.052,10.1696,2.2641978000000003,1077.0
TOI-1064b,4374,0.748,0.726,6.444,0.06152,13.5065,2.58701412,784.0
TOI-1064c,4374,0.748,0.726,12.227,0.0943,2.5106200000000003,2.65090485,634.0
TOI-1075,3875,0.604,0.581,0.605,0.01159,9.947140000000001,1.79118222,1323.0
TOI-1107,6311,1.35,1.81,4.078,0.0561,1064.63,14.57157,1728.0
TOI-1130b,4350,0.71,0.68,4.066,0.04457,19.258680000000002,3.5644302,632.0
TOI-1130c,4350,0.71,0.68,8.35,0.07191,325.745,13.338591,498.0
TOI-1136b,5770,1.022,0.968,4.173,0.0511,3.68648,1.905513,1216.0
TOI-1136c,5770,1.022,0.968,6.257,0.0669,7.40474,2.8784455199999996,1062.0
TOI-1136d,5770,1.022,0.968,12.519,0.1062,5.593280000000001,4.62703392,843.0
TOI-1136e,5770,1.022,0.968,18.799,0.139,3.30512,2.63857506,737.0
TOI-1136f,5770,1.022,0.968,26.316,0.174,8.2628,3.8782794,658.0
TOI-1136g,5770,1.022,0.968,39.539,0.229,12.0764,2.5332114,574.0
TOI-1194,5446,1.007,0.963,2.311,0.03428,144.91680000000002,8.5972263,1391.0
TOI-1201,3476,0.512,0.508,2.492,0.0287,6.292440000000001,2.4099135,703.0
TOI-1231,3562,0.485,0.476,24.246,0.1288,15.2544,3.6541014,330.0
TOI-1235,3997,0.63,0.619,3.445,0.03826,5.91108,1.6936647900000001,775.0
TOI-1246b,5151,0.87,0.86,4.307,0.049,7.945,3.0151941,955.0
TOI-1246c,5151,0.87,0.86,5.904,0.061,8.8984,2.5107936,860.0
TOI-1246d,5151,0.87,0.86,18.656,0.131,5.4026000000000005,3.5083857,586.0
TOI-1246e,5151,0.87,0.86,37.922,0.211,14.9366,3.7773993000000003,462.0
TOI-1259,4775,0.744,0.711,3.478,0.0407,140.1498,11.4554958,963.0
TOI-1260b,4227,0.679,0.672,3.127,0.0367,8.548820000000001,2.4099135,871.0
TOI-1260c,4227,0.679,0.672,7.493,0.0657,13.347600000000002,2.6340915,651.0
TOI-1260d,4227,0.679,0.672,16.608,0.1116,11.98106,3.1160742000000003,499.0
TOI-1266b,3573,0.436,0.431,10.895,0.0745,4.2267399999999995,2.6228826,425.0
TOI-1266c,3573,0.436,0.431,18.802,0.1037,2.89198,2.129691,354.0
TOI-1272,4985,0.851,0.788,3.316,0.0412,24.59772,4.1360841,961.0
TOI-1288b,5225,0.89,1.01,2.7,0.0429,41.949600000000004,5.2345563,1266.0
TOI-1296,5603,1.17,1.664,3.944,0.0497,94.70439999999999,13.798155900000001,1562.0
TOI-1298,5889,1.44,1.412,4.537,0.059,113.1368,9.4266849,1388.0
TOI-1333,6274,1.464,1.925,4.72,0.0626,753.186,15.647624399999998,1679.0
TOI-1406,6290,1.18,1.35,10.574,0.101,14618.800000000001,9.639654,1108.0
TOI-1416,4884,0.798,0.793,1.07,0.019,3.46402,1.6196860499999999,1517.0
TOI-1420,5493,0.987,0.923,6.956,0.071,25.1062,11.892642899999998,957.0
TOI-1422,5840,0.981,1.019,12.997,0.108,8.99374,3.9567417,867.0
TOI-1431,7690,1.9,1.92,2.65,0.046,997.892,16.701261,2390.0
TOI-1452,3185,0.249,0.275,11.062,0.061,4.83056,1.67236788,326.0
TOI-1470b,3709,0.471,0.469,2.527,0.0285,7.3094,2.1745266,734.0
TOI-1470c,3709,0.471,0.469,18.088,0.106,7.24584,2.465958,383.0
TOI-1478,5597,0.947,1.048,10.18,0.0903,270.44780000000003,11.881434,918.0
TOI-1601,5948,1.517,2.186,5.332,0.06864,314.622,13.8878271,1619.0
TOI-1634,3472,0.452,0.451,0.989,0.01491,9.947140000000001,1.77324798,921.0
TOI-1670c,6170,1.21,1.316,40.75,0.249,200.214,11.0631843,684.0
TOI-1695,3650,0.515,0.513,3.134,0.03355,6.356000000000001,1.905513,698.0
TOI-1728,3975,0.646,0.624,3.492,0.0391,26.695200000000003,5.0552139,767.0
TOI-1736,5670,1.06,1.38,7.073,0.074,11.885720000000001,3.0488208,1186.0
TOI-1749b,3985,0.58,0.55,2.389,0.0291,19.068,1.3899036,831.0
TOI-1749c,3985,0.58,0.55,4.489,0.0443,2.2246,2.1184821,673.0
TOI-1749d,3985,0.58,0.55,9.045,0.0707,4.4492,2.5220025,533.0
TOI-1759,4065,0.606,0.597,18.85,0.1177,10.805200000000001,3.1384920000000003,443.0
TOI-1789,5991,1.507,2.168,3.209,0.04882,222.46,16.140816,1927.0
TOI-1807,4757,0.75,0.68,0.549,0.0135,2.25638,1.36972758,1499.0
TOI-1811,4753,0.819,0.773,3.713,0.04393,309.5372,11.2313178,962.0
TOI-1820,5734,1.04,1.51,4.861,0.069,730.9399999999999,12.553968000000001,1295.0
TOI-1853,4985,0.837,0.808,1.243,0.021,73.4118,3.4523411999999998,1478.0
TOI-1899,3926,0.632,0.607,29.09,0.1525,212.92600000000002,11.096811,378.0
TOI-1937,5814,1.072,1.08,0.947,0.01932,638.7779999999999,13.9774983,2097.0
TOI-1982,6325,1.41,1.51,17.172,0.1457,20943.020000000004,12.105612,982.0
TOI-1994,7700,1.86,2.3,4.034,0.0613,7023.380000000001,13.674858,2290.0
TOI-2000b,5607,1.074,1.113,3.098,0.0426,10.29672,2.6453004,1475.0
TOI-2000c,5607,1.074,1.113,9.127,0.0875,75.6364,7.969527899999999,1029.0
TOI-2010,5929,1.112,1.079,141.834,0.5516,408.6908,11.8141806,400.0
TOI-2015,3194,0.342,0.333,3.349,0.0301,16.5256,3.3850878,512.0
TOI-2025,5880,1.32,1.56,8.872,0.089,1398.3200000000002,12.553968000000001,1186.0
TOI-2109,6530,1.447,1.698,0.672,0.01791,1595.356,15.0983883,3646.0
TOI-2134b,4580,0.744,0.709,9.229,0.078,9.12086,2.6789270999999997,666.0
TOI-2134c,4580,0.744,0.709,95.5,0.371,41.949600000000004,7.2745761,306.0
TOI-2136,3342,0.3272,0.344,7.852,0.057,4.767,2.1969444,378.0
TOI-2141,5659,0.94,0.98,18.262,0.133,23.835,3.1160742000000003,722.0
TOI-2145,6189,1.72,2.738,10.261,0.1108,1700.23,12.3634167,1484.0
TOI-2152,6630,1.516,1.612,3.377,0.0506,899.374,14.358600899999999,1802.0
TOI-2154,6280,1.233,1.396,3.824,0.0513,292.37600000000003,16.2865317,1580.0
TOI-2158,5673,1.12,1.41,8.601,0.075,260.596,10.760544,1188.0
TOI-2179,5788,1.026,1.088,15.169,0.1207,617.1676,12.5203413,974.0
TOI-2180,5695,1.111,1.636,260.79,0.828,875.539,11.320988999999999,348.0
TOI-2193,5966,1.082,1.248,2.123,0.03319,298.73199999999997,19.839752999999998,1763.0
TOI-2196,5634,1.032,1.043,1.195,0.02234,25.99604,3.5083857,1860.0
TOI-2207,6101,1.296,1.564,8.002,0.0854,203.39200000000002,11.1528555,1259.0
TOI-2236,6248,1.343,1.573,3.532,0.05009,502.124,14.3698098,1688.0
TOI-2257,3430,0.328,0.313,35.189,0.145,5.7204,2.1969444,256.0
TOI-2338,5581,0.99,1.05,22.654,0.676,1900.4440000000002,11.2089,799.0
TOI-2364,5306,0.954,0.886,4.02,0.04871,71.50500000000001,8.6084352,1091.0
TOI-2373,5651,1.041,1.102,13.337,0.112,2923.7599999999998,10.424277,860.0
TOI-2421,5607,1.131,1.75,4.347,0.0543,105.82740000000001,10.3682325,1534.0
TOI-2416,5808,1.118,1.236,8.275,0.0831,953.4000000000001,9.863832,1080.0
TOI-2497,7360,1.861,2.358,10.656,0.1167,1655.738,11.2089,1596.0
TOI-2498,5905,1.12,1.26,3.738,0.0491,34.6402,6.0640149,1443.0
TOI-2524,5831,1.007,1.119,7.186,0.073,203.39200000000002,11.2089,1100.0
TOI-2543,6060,1.29,1.86,7.543,0.0788,21483.28,10.648455,1419.0
TOI-2567,5611,1.13,1.686,5.984,0.0672,63.87780000000001,10.9286775,1352.0
TOI-2570,5771,1.063,1.095,2.989,0.04145,260.596,13.641231300000001,1431.0
TOI-2583,5936,1.215,1.477,4.52,0.0571,79.45,14.459481,1456.0
TOI-2587,5760,1.15,1.726,5.457,0.0635,69.2804,12.0719853,1445.0
TOI-2589,5579,0.93,1.07,61.628,0.522,1112.3,121.05612,592.0
TOI-2641,6100,1.16,1.336,4.881,0.0607,116.6326,18.158418,1387.0
TOI-2796,5764,1.063,1.069,4.808,0.0569,139.832,17.822151,1205.0
TOI-2803,6280,1.118,1.245,1.962,0.03185,309.855,18.113582400000002,1893.0
TOI-2818,5721,0.977,1.229,4.04,0.0493,225.638,15.2777307,1376.0
TOI-2842,5910,1.135,1.265,3.551,0.0475,117.586,12.845399399999998,1471.0
TOI-2977,5691,0.936,1.073,2.351,0.03386,533.904,13.1592486,1544.0
TOI-3023,5760,1.12,1.668,3.901,0.0505,197.036,16.432247399999998,1596.0
TOI-3235,3389,0.394,0.37,2.593,0.02709,211.33700000000002,11.399451299999999,604.0
TOI-3331,5609,1.016,0.952,2.018,0.03144,721.4060000000001,12.979906199999999,1488.0
TOI-3364,5706,1.186,1.419,5.877,0.0675,530.726,12.2289099,1264.0
TOI-3540,5810,1.081,1.228,3.12,0.04289,375.004,23.53869,1498.0
TOI-3629,3870,0.63,0.6,3.937,0.043,82.628,8.294586,690.0
TOI-3688,5950,1.199,1.302,3.246,0.0456,311.444,13.0807863,1534.0
TOI-3693,5321,0.867,0.791,9.089,0.0813,324.156,12.598803600000002,801.0
TOI-3714,3660,0.53,0.51,2.155,0.027,222.46,11.320988999999999,750.0
TOI-3757,3913,0.64,0.61,3.439,0.03845,85.17040000000001,11.993523,759.0
TOI-3785,3576,0.52,0.5,4.675,0.043,14.9366,5.1448851,582.0
TOI-3807,5772,1.181,1.468,2.899,0.0421,330.512,22.4178,1646.0
TOI-3819,5859,1.242,1.538,3.244,0.04611,352.75800000000004,13.136830799999998,1633.0
TOI-3884,3180,0.298,0.302,4.545,0.0361,32.733399999999996,6.4339086,441.0
TOI-3912,5725,1.088,1.392,3.494,0.0463,129.0268,14.2801386,1512.0
TOI-3976,5975,1.254,1.501,6.608,0.0743,55.615,12.2737455,1295.0
TOI-3984,3476,0.49,0.47,4.353,0.041,44.492000000000004,7.9583189999999995,563.0
TOI-4010b,4960,0.88,0.83,1.348,0.0229,11.123000000000001,3.0151941,1441.0
TOI-4010c,4960,0.88,0.83,5.415,0.058,20.3392,5.9295081000000005,907.0
TOI-4010d,4960,0.88,0.83,14.709,0.113,38.136,6.1761039,650.0
TOI-4087,6060,1.178,1.112,3.177,0.04469,231.994,13.047159599999999,1458.0
TOI-4127,6096,1.23,1.293,56.399,0.3081,730.9399999999999,12.2849544,605.0
TOI-4137,6202,1.313,1.438,3.802,0.0522,457.632,13.573977900000001,1570.0
TOI-4138,6128,1.32,1.82,3.66,0.051,212.92600000000002,16.701261,1762.0
TOI-4145,5281,0.905,0.859,4.066,0.04823,136.654,13.3049643,1074.0
TOI-4201,3937,0.625,0.616,3.582,0.03923,816.746,12.6996837,751.0
TOI-4406,6219,1.19,1.29,30.084,0.15,95.34,11.2089,904.0
TOI-4463,5640,1.056,1.062,2.881,0.04036,252.33320000000003,13.260128700000001,1395.0
TOI-4515,5433,0.949,0.86,15.266,0.118,637.189,12.172865400000001,705.0
TOI-4562,6096,1.192,1.152,225.118,0.768,730.9399999999999,12.531550200000002,318.0
TOI-4603,6264,1.765,2.738,7.246,0.0888,4096.442,11.6796738,1677.0
TOI-4791,6058,1.242,1.409,4.281,0.0555,734.118,12.441879,1472.0
TOI-4860,3255,0.34,0.354,1.522,0.01808,93.02006000000002,8.5860174,694.0
TOI-5153,6300,1.24,1.4,20.33,0.158,1036.028,11.881434,906.0
TOI-5205,3430,0.392,0.394,1.631,0.0199,343.22400000000005,11.545167,737.0
TOI-5293,3586,0.54,0.52,2.93,0.034,171.61200000000002,11.881434,675.0
TOI-5344,3367,0.612,0.588,3.793,0.04041,130.93359999999998,10.6036194,689.0
TOI-5398b,6000,1.146,1.051,10.591,0.098,58.793,10.2897702,947.0
TOI-5398c,6000,1.146,1.051,4.773,0.057,11.7586,3.5195946,1242.0
TOI-5542,5700,0.89,1.058,75.124,0.332,419.49600000000004,11.3097801,441.0
TOI-5678,5485,0.905,0.938,47.73,0.249,20.0214,4.9094982,513.0
TRAPPIST-1b,2566,0.0898,0.1192,1.511,0.01154,1.36654,1.11640644,391.8
TRAPPIST-1c,2566,0.0898,0.1192,2.422,0.0158,1.3029800000000002,1.09735131,334.8
TRAPPIST-1d,2566,0.0898,0.1192,4.05,0.02227,3.8771600000000004,0.78798567,282.1
TRAPPIST-1e,2566,0.0898,0.1192,6.099,0.02925,0.6991600000000001,0.92025069,246.1
TRAPPIST-1f,2566,0.0898,0.1192,9.206,0.03849,1.04874,1.04466948,214.5
TRAPPIST-1g,2566,0.0898,0.1192,12.355,0.04683,1.33476,1.12873623,194.5
TRAPPIST-1h,2566,0.0898,0.1192,18.768,0.06189,0.3178,0.75547986,169.2
TrES-1,5226,0.892,0.818,3.03,0.03946,241.84580000000003,12.3185811,1147.0
TrES-2,5850,0.991,0.964,2.471,0.03567,383.2668,13.3722177,1466.0
TrES-3,5650,0.921,0.8235,1.306,0.02276,603.5022,14.683659,1638.0
TrES-4,6295,1.45,1.81,3.554,0.0516,156.9932,20.601958200000002,1795.0
TrES-5,5171,0.901,0.868,1.482,0.02446,568.8620000000001,13.3834266,1480.0
V1298_Tau_c,5050,1.157,1.355,8.249,0.0839,19.7036,5.2345563,979.0
V1298_Tau_e,5050,1.157,1.355,46.768,0.2667,209.74800000000002,9.5051472,549.0
WASP-001,6160,1.24,1.47,2.52,0.03889,271.4012,16.6227987,1830.0
WASP-002,5170,0.843,0.821,2.152,0.0308,283.4776,11.881434,1286.0
WASP-003,6340,1.11,1.298,1.847,0.0305,562.506,15.0871794,2020.0
WASP-004,5540,0.927,0.91,1.338,0.02318,396.9322,15.2889396,1673.0
WASP-005,5770,1.033,1.088,1.628,0.0274,506.891,13.1704575,1753.0
WASP-006,5375,0.836,0.864,3.361,0.0414,154.133,13.786947,1184.0
WASP-007,6520,1.317,1.478,4.955,0.0624,311.444,15.401028600000002,1530.0
WASP-008,5690,1.093,0.976,8.159,0.0817,704.2448,13.0583685,947.0
WASP-010,4735,0.73,0.678,3.093,0.0378,997.892,11.646047099999999,972.0
WASP-011,4900,0.806,0.772,3.722,0.04375,156.3576,11.096811,992.0
WASP-012,6313,1.434,1.657,1.091,0.0234,467.166,21.29691,2580.0
WASP-013,6025,1.22,1.657,4.353,0.0557,162.7136,17.1271992,1531.0
WASP-014,6462,1.3,1.318,2.243,0.037,2412.102,13.899036,1872.0
WASP-015,6573,1.305,1.522,3.752,0.05165,188.1376,15.782131199999998,1676.0
WASP-016,5630,0.98,1.087,3.119,0.0415,264.4096,13.6524402,1389.0
WASP-017,6550,1.286,1.583,3.735,0.05135,151.5906,21.6555948,1755.0
WASP-018,6400,1.295,1.255,0.941,0.02055,3343.256,13.4955156,2411.0
WASP-019,5460,0.935,1.018,0.789,0.01634,361.9742,15.804549,2077.0
WASP-020,5987,1.113,1.242,4.9,0.05851,125.84880000000001,15.490699799999998,1330.0
WASP-021,5924,0.89,1.136,4.323,0.0499,87.71280000000002,13.0247418,1333.0
WASP-022,6153,1.249,1.255,3.533,0.0489,196.0826,13.4394711,1502.0
WASP-023,5046,0.842,0.819,2.944,0.03798,291.42260000000005,11.959896299999999,1152.0
WASP-024,6107,1.168,1.317,2.341,0.03635,352.4402,14.605196699999999,1772.0
WASP-025,5736,1.053,0.924,3.765,0.04819,190.0444,13.9774983,1210.0
WASP-026,6015,1.095,1.284,2.767,0.03966,324.156,13.6300224,1650.0
WASP-028,6084,0.993,1.083,3.409,0.0442,282.5242,13.6636491,1456.0
WASP-029,4875,0.825,0.808,3.923,0.04565,77.5432,8.6868975,960.0
WASP-030,6208,1.23,1.42,4.157,0.05534,19608.260000000002,10.760544,1474.0
WASP-031,6175,1.163,1.252,3.406,0.04659,151.9084,17.362586099999998,1575.0
WASP-032,6100,1.1,1.11,2.719,0.0394,1144.0800000000002,13.226502,1560.0
WASP-033,7430,1.561,1.509,1.22,0.0259,686.4480000000001,18.8197431,2710.0
WASP-034,5704,1.01,0.93,4.318,0.0524,187.502,13.674858,1250.0
WASP-035,6072,1.07,1.09,3.162,0.04317,228.816,14.795748,1450.0
WASP-036,5928,1.081,0.985,1.537,0.02677,750.3258000000001,14.8742103,1733.0
WASP-037,5940,0.925,1.003,3.577,0.0446,572.0400000000001,13.002324,1323.0
WASP-038,6436,1.28,1.35,6.872,0.07522,858.0600000000001,11.993523,1292.0
WASP-039,5485,0.913,0.939,4.055,0.04828,89.30180000000001,14.3361831,1166.0
WASP-041,5546,0.987,0.886,3.052,0.041,310.49060000000003,13.204084199999999,1242.0
WASP-042,5315,0.951,0.892,4.982,0.0561,167.4806,12.5763858,1021.0
WASP-043,4240,0.712,0.698,0.813,0.01526,646.4051999999999,12.105612,1440.0
WASP-044,5400,0.917,0.865,2.424,0.03445,276.1682,11.2313178,1304.0
WASP-045,5100,0.904,0.917,3.126,0.0405,318.4356,11.1192288,1170.0
WASP-046,5600,0.828,0.858,1.43,0.02335,606.998,13.1592486,1636.0
WASP-047b,5576,1.058,1.156,4.159,0.05111,374.05060000000003,12.643639199999999,1220.0
WASP-048,6000,1.062,1.519,2.144,0.0332,288.2446,15.647624399999998,1956.0
WASP-049,5600,1.0,1.038,2.782,0.0387,125.84880000000001,13.428262199999999,1399.0
WASP-050,5518,0.861,0.855,1.955,0.02913,456.6786,12.755728199999998,1410.0
WASP-052,5000,0.804,0.786,1.75,0.02643,137.92520000000002,14.044751699999999,1315.0
WASP-053,4950,0.839,0.798,3.31,0.04101,677.5496,12.0383586,1053.0
WASP-054,6296,1.213,1.828,3.694,0.04987,202.1208,18.5283117,1759.0
WASP-055,6070,1.162,1.102,4.466,0.0558,199.2606,14.9638815,1300.0
WASP-056,5600,1.017,1.112,4.167,0.05458,181.4638,12.240118800000001,1216.0
WASP-057,5600,0.886,0.927,2.839,0.03769,204.66320000000002,11.769345,1338.0
WASP-058,5800,0.94,1.17,5.017,0.0561,282.84200000000004,15.356193000000001,1270.0
WASP-059,4650,0.719,0.613,7.92,0.0697,274.2614,8.6868975,670.0
WASP-060,6105,1.229,1.401,4.305,0.05544,177.96800000000002,13.730902500000001,1479.0
WASP-061,6250,1.27,1.39,3.856,0.0521,654.668,13.674858,1624.0
WASP-062,6230,1.25,1.28,4.412,0.0567,181.146,15.580371,1440.0
WASP-063,5715,1.32,1.88,4.378,0.0574,120.76400000000001,16.028727,1540.0
WASP-064,5550,1.004,1.058,1.573,0.02648,403.92379999999997,14.246511899999998,1689.0
WASP-065,5600,0.93,1.01,2.311,0.0334,492.59000000000003,12.464296800000001,1480.0
WASP-066,6600,1.3,1.75,4.086,0.0546,737.2959999999999,15.580371,1790.0
WASP-067,5417,0.829,0.817,4.614,0.051,129.0268,12.2289099,1003.0
WASP-068,5910,1.24,1.69,5.084,0.06206,301.91,13.899036,1490.0
WASP-069,4700,0.826,0.813,3.868,0.04525,82.628,11.8478073,963.0
WASP-070,5864,1.111,1.251,3.713,0.0486,188.1376,13.293755399999998,1433.0
WASP-071,6180,1.559,2.26,2.904,0.04619,712.5076,16.364994,2049.0
WASP-072,6250,1.386,1.98,2.217,0.03708,464.30580000000003,14.235303,2210.0
WASP-073,6030,1.34,2.07,4.087,0.05512,597.4639999999999,13.002324,1790.0
WASP-074,5984,1.191,1.536,2.138,0.03443,262.5028,15.7372956,1926.0
WASP-075,6100,1.16,1.27,2.484,0.0377,343.22400000000005,14.683659,1688.0
WASP-076,6329,1.458,1.765,1.81,0.033,284.1132,20.7813006,2228.0
WASP-078,6100,1.39,2.35,2.175,0.0367,273.308,23.090334,2470.0
WASP-079,6600,1.39,1.51,3.662,0.0519,273.308,17.149617,1716.0
WASP-080,4145,0.596,0.593,3.068,0.03479,178.60360000000003,11.0519754,825.0
WASP-081,5890,1.08,1.283,2.716,0.03908,231.6762,16.0175181,1623.0
WASP-082,6500,1.635,2.219,2.706,0.04477,396.6144,19.1896368,2202.0
WASP-083,5480,1.11,1.05,4.971,0.059,95.34,11.657256,1120.0
WASP-084b,5280,0.853,0.768,8.523,0.0778,219.9176,10.715708399999999,732.0
WASP-084c,5280,0.853,0.768,1.447,0.0236,15.2544,1.9503485999999999,1329.0
WASP-085,5685,1.09,0.935,2.656,0.039,402.017,13.899036,1452.0
WASP-086-KELT-12,6279,1.278,2.02,5.032,0.06237,264.7274,15.490699799999998,1722.0
WASP-087,6450,1.204,1.627,1.683,0.02946,692.8040000000001,15.524326499999999,2322.0
WASP-088,6450,1.288,1.93,4.954,0.06431,165.256,18.270507,1737.0
WASP-089,4955,0.92,0.88,3.356,0.0427,1875.0200000000002,11.657256,1120.0
WASP-090,6440,1.55,1.98,3.916,0.0562,200.214,18.270507,1840.0
WASP-091,4920,0.84,0.86,2.799,0.037,425.85200000000003,11.545167,1160.0
WASP-092,6280,1.19,1.341,2.175,0.0348,255.82900000000004,16.3762029,1871.0
WASP-093,6700,1.334,1.524,2.733,0.04211,467.166,17.261706,1910.0
WASP-094,6170,1.45,1.62,3.95,0.055,143.6456,19.279308,1604.0
WASP-095,5830,1.11,1.13,2.185,0.03416,359.114,13.562769,1570.0
WASP-096,5500,1.06,1.05,3.426,0.0453,152.544,13.45068,1285.0
WASP-097,5670,1.12,1.06,2.073,0.03303,419.49600000000004,12.666056999999999,1555.0
WASP-098,5473,0.809,0.741,2.963,0.03762,293.01160000000004,12.822981599999999,1171.0
WASP-099,6150,1.48,1.76,5.753,0.0717,883.4839999999999,12.329790000000001,1480.0
WASP-100,6940,1.47,1.67,2.849,0.043,645.134,15.692459999999999,2077.0
WASP-101,6380,1.34,1.29,3.586,0.0506,158.9,15.804549,1560.0
WASP-102,5940,1.167,1.331,2.71,0.0401,198.3072,14.1120051,1705.0
WASP-103,6110,1.205,1.413,0.926,0.01979,467.166,18.449849399999998,2489.0
WASP-104,5348,1.016,0.935,1.755,0.0286,386.4448,12.2513277,1474.0
WASP-105,5070,0.89,0.9,7.873,0.075,572.0400000000001,10.760544,900.0
WASP-106,6265,1.26,1.42,9.29,0.0917,635.6,12.329790000000001,1140.0
WASP-107,4425,0.683,0.67,5.721,0.0553,30.5088,10.3570236,736.0
WASP-108,6000,1.167,1.215,2.676,0.0397,283.4776,14.3922276,1590.0
WASP-109,6520,1.203,1.346,3.319,0.0463,289.19800000000004,16.1744427,1685.0
WASP-110,5400,0.892,0.881,3.778,0.0457,162.078,13.8766182,1134.0
WASP-111,6400,1.5,1.85,2.311,0.03914,581.5740000000001,16.1744427,2140.0
WASP-112,5610,0.807,1.002,3.035,0.0382,279.664,13.3497999,1395.0
WASP-113,5890,1.318,1.608,4.542,0.05885,150.955,16.477083,1606.0
WASP-114,5940,1.289,1.43,1.549,0.02851,562.1881999999999,15.0087171,2043.0
WASP-116,5950,1.18,1.68,6.613,0.073,187.502,16.028727,1400.0
WASP-117,6040,1.126,1.17,10.022,0.09459,87.55390000000001,11.444286899999998,1024.0
WASP-118,6410,1.319,1.754,4.046,0.0545,165.256,15.625206599999999,1753.0
WASP-119,5650,1.02,1.2,2.5,0.0363,390.894,15.692459999999999,1600.0
WASP-120,6450,1.393,1.87,3.611,0.0514,1541.33,15.580371,1749.0
WASP-121,6586,1.38,1.44,1.275,0.02544,375.9574,20.9045985,2358.0
WASP-122,5720,1.239,1.52,1.71,0.03005,408.0552,19.5371127,1970.0
WASP-123,5740,1.166,1.285,2.978,0.04263,285.7022,15.132015,1500.0
WASP-124,6050,1.07,1.02,3.373,0.0449,190.68,13.899036,1400.0
WASP-126,5800,1.12,1.27,3.289,0.0449,88.98400000000001,10.760544,1480.0
WASP-127,5750,0.95,1.333,4.178,0.052,52.437000000000005,14.694867899999998,1400.0
WASP-129,5900,1.0,0.9,5.748,0.0628,317.8,10.424277,1100.0
WASP-130,5600,1.04,0.96,11.551,0.1012,390.894,9.975921,833.0
WASP-131,5990,1.06,1.68,5.322,0.0608,86.75940000000001,14.1680496,1450.0
WASP-132b,4714,0.782,0.753,7.134,0.067,130.298,10.0543833,763.0
WASP-133,5700,1.16,1.44,2.176,0.0345,368.64799999999997,13.562769,1790.0
WASP-134,5700,1.131,1.175,10.147,0.0956,448.73359999999997,11.0743932,953.0
WASP-136,6250,1.41,2.21,5.215,0.0661,479.87800000000004,16.81335,1630.0
WASP-137,6100,1.216,1.52,3.908,0.0519,216.42180000000002,14.235303,1601.0
WASP-138,6300,1.22,1.36,3.634,0.0494,387.716,12.217701,1590.0
WASP-139,5300,0.92,0.8,5.924,0.062,37.1826,8.96712,910.0
WASP-140,5300,0.9,0.87,2.236,0.0323,775.432,14.235303,1270.0
WASP-141,6050,1.25,1.37,3.311,0.0469,854.8820000000001,13.562769,1540.0
WASP-142,6060,1.33,1.64,2.053,0.0347,266.952,17.149617,2000.0
WASP-143,5900,1.087,1.013,3.779,0.049,230.405,13.8317826,1325.0
WASP-144,4950,0.81,0.81,2.278,0.0316,139.832,9.527565,1260.0
WASP-145,4900,0.76,0.68,1.769,0.0261,282.84200000000004,10.08801,1200.0
WASP-146,6100,1.057,1.232,3.397,0.0451,352.75800000000004,13.7645292,1486.0
WASP-147,5700,1.04,1.37,4.603,0.0549,87.39500000000001,12.4979235,1404.0
WASP-148,5437,0.967,0.92,8.804,0.0825,91.5264,8.4739284,940.0
WASP-149,5750,1.09,1.02,1.333,0.0247,324.156,14.795748,1870.0
WASP-150,6250,1.394,1.651,5.644,0.0694,2688.588,11.993523,1460.0
WASP-151,5871,1.081,1.181,4.533,0.055,114.408,13.3049643,1312.0
WASP-153,5914,1.336,1.73,3.333,0.048,123.94200000000001,17.373795,1700.0
WASP-156,4910,0.842,0.76,3.836,0.0453,40.6784,5.716539,970.0
WASP-157,5840,1.26,1.134,3.952,0.0529,182.41719999999998,11.9374785,1339.0
WASP-158,6350,1.38,1.39,3.656,0.0517,886.662,11.993523,1590.0
WASP-159,6000,1.41,2.11,3.84,0.0538,174.79000000000002,15.468281999999999,1850.0
WASP-160,5218,0.879,0.872,3.768,0.0455,89.30180000000001,12.2513277,1100.0
WASP-161,6406,1.39,1.712,5.406,0.0673,791.3220000000001,12.8117727,1557.0
WASP-162,5300,0.95,1.11,9.625,0.0871,1652.5600000000002,11.2089,910.0
WASP-163,5500,0.97,1.015,1.61,0.0266,594.2860000000001,13.4730978,1638.0
WASP-164,5800,0.95,0.932,1.777,0.02818,676.914,12.643639199999999,1610.0
WASP-165,5600,1.25,1.65,3.466,0.04823,209.1124,14.123213999999999,1624.0
WASP-166,6050,1.19,1.22,5.444,0.0642,32.4156,7.0616069999999995,1270.0
WASP-168,6000,1.08,1.12,4.154,0.0519,133.476,16.81335,1340.0
WASP-169,6110,1.337,2.011,5.611,0.0681,178.28580000000002,14.6164056,1604.0
WASP-170,5600,0.93,0.938,2.345,0.0337,508.48,12.2849544,1422.0
WASP-171,5965,1.171,1.637,3.819,0.0504,344.4952,10.984722,1642.0
WASP-172,6900,1.49,1.91,5.477,0.0694,149.36599999999999,17.597973,1740.0
WASP-173,5700,1.05,1.11,1.387,0.0248,1172.682,13.45068,1880.0
WASP-174,6400,1.24,1.347,4.234,0.05503,104.87400000000001,16.1071893,1528.0
WASP-175,6229,1.212,1.204,3.065,0.04403,314.622,13.5403512,1571.0
WASP-176,6100,1.345,1.925,3.899,0.0535,271.719,16.8693945,1721.0
WASP-177,5017,0.876,0.885,3.072,0.03957,161.44240000000002,17.710062,1142.0
WASP-178,9360,2.169,1.722,3.345,0.0558,527.548,21.072732,2470.0
WASP-180,6500,1.3,1.19,3.409,0.048,286.02000000000004,13.899036,1540.0
WASP-181,5839,1.04,0.965,4.52,0.05427,95.0222,13.271337599999999,1186.0
WASP-182,5638,1.076,1.34,3.377,0.0451,47.0344,9.527565,1479.0
WASP-183,5313,0.784,0.871,4.112,0.04632,159.53560000000002,16.477083,1111.0
WASP-184,6000,1.23,1.65,5.182,0.0627,181.146,14.907837,1480.0
WASP-185,5900,1.12,1.5,9.388,0.0904,311.444,14.011125,1160.0
WASP-189,8000,2.031,2.365,2.724,0.0504,632.422,17.93424,2641.0
WASP-190,6400,1.35,1.6,5.368,0.0663,317.8,12.890234999999999,1500.0
WASP-192,5900,1.09,1.32,2.879,0.0408,730.9399999999999,13.786947,1620.0
Wendelstein-1,4251,0.65,0.61,2.663,0.0282,187.502,11.556375899999999,1727.0
Wendelstein-2,4591,0.73,0.66,1.752,0.0234,231.994,12.9911151,1852.0
Wolf_503,4716,0.688,0.689,6.001,0.05706,6.26066,2.04338247,790.0
WTS-1,6250,1.2,1.15,3.352,0.047,1274.378,16.701261,1500.0
WTS-2,5000,0.82,0.752,1.019,0.01855,355.93600000000004,15.2777307,2000.0
XO-1,5740,1.018,0.93,3.942,0.04914,288.2446,13.4394711,1204.0
XO-2,5332,0.96,0.998,2.616,0.03616,189.7266,11.421869099999999,1328.0
XO-3,6471,1.219,1.371,3.192,0.0455,3788.176,13.6636491,1714.0
XO-4,6397,1.293,1.554,4.125,0.05485,513.2470000000001,14.762121299999999,1641.0
XO-5,5370,1.038,1.129,4.188,0.05148,378.182,12.800563799999999,1225.0
XO-6,6720,1.47,1.93,3.765,0.0725,638.7779999999999,23.314512,1641.0
XO-7,6250,1.405,1.48,2.864,0.04421,225.3202,15.3898197,1743.0
